Business Name 1,Business Name 2,Levenshtein,N-gram,Jaro-Winkler,SBERT_Pre-fine-tuned,RoBERTa_Pre-fine-tuned,Mini_Pre-fine-tuned,OpenAI_text-embedding-3-small,OpenAI_text-embedding-3-large,OpenAI_text-embedding-ada-002
HANAN ATHER TRUCKING,HANAN TAHER TRUCKING,0.9,0.6363636363636364,0.99,0.91198146,0.91355085,0.9291349,0.8887989457835408,0.8984231939184888,0.9684361590038955
HANAN ATHER TRUCKING,TRUCKING INC HANAN ATHER,0.08333333333333337,0.6,0.6182539682539682,0.9308412,0.8769424,0.8752165,0.8885523702535587,0.8960593715240517,0.9637260215593253
HANAN ATHER TRUCKING,ATHER TRUCKING INC,0.5,0.5454545454545454,0.7296296296296297,0.72513264,0.701722,0.64282924,0.7525302581033015,0.6717286515525829,0.8776873429454777
HANAN ATHER TRUCKING,GODBOUT TRUCKING INC,0.30000000000000004,0.2413793103448276,0.5484848484848485,0.5875634,0.5231993,0.46524847,0.5701546752289874,0.5393969562903083,0.8607564602932207
HANAN ATHER TRUCKING,HANAN ATHER PHARMACY INC,0.6666666666666667,0.3333333333333333,0.8933333333333334,0.5903137,0.49772915,0.5612074,0.6936185396673842,0.6984826783707498,0.904037221833043
HANAN ATHER TRUCKING,Ather INC,0.4,0.19047619047619047,0.637962962962963,0.4838827,0.41963443,0.35723346,0.35042746061291297,0.38474314712915236,0.8156032165860139
